Address,Country_1,City_1,School,State_1,Zip_1,Latitude,Longitude
P O Box 60807,United States, Palo Alto�,Oak Canyon School,California,,,
400 Upalnd Drive,United States,Hillsborough,Crystal Springs Uplands School,California,94010,37.568525,-122.367428
100 West Portola Avenue,United States,Los Altos,Egan Intermediate School,California,94022,37.395782,-122.116874
625 Magdalena Avenue,United States,Los Altos,Los Altos Christian Schools,California,94024,37.359767,-122.10043
415 Ivy Drive,United States,Menlo Park,Belle Haven Elementary,California,94025,37.476592,-122.160977
2086 Clark Street,United States,East Palo Alto,San Francisco 49er Academy,California,94303,41.920117,-87.637166
2033 Pulgas Avenue,United States,East Palo Alto,Edison Ronald McNair Academy,California,94303,37.462227,-122.130798
1286 Runnymede Street,United States,East Palo Alto,East Palo Alto Charter School,California,94303,37.468274,-122.127755
750 North California Ave,United States,Palo Alto,David Starr Jordan Middle School,California,94303,37.438499,-122.134703
4251 El Camino Real,United States,Palo Alto,Emerson School,California,94306,37.409633,-122.118958
2890 Middlefield Road,United States,Palo Alto,Keys School,California,94306,37.4311,-122.127072
2171 El Camino Real,United States,Palo Alto,Ananda School,California,94306,33.188103,-117.328561
300 East Santa Inez Avenue,United States,San Mateo,Odyssey Middle School,California,94402,37.571725,-122.329549
1950 Elkhorn Ct.,United States,San Mateo,Alpha Beacon School,California,94403,37.548613,-122.313552
